,Year,Nbr of Crimes,Neighborhood
0,2000,3438.0,Battery Park
1,2000,3438.0,Tribeca
2,2001,3069.0,Battery Park
3,2001,3069.0,Tribeca
4,2002,2715.0,Battery Park
5,2002,2715.0,Tribeca
6,2003,2649.0,Battery Park
7,2003,2649.0,Tribeca
8,2004,2383.0,Battery Park
9,2004,2383.0,Tribeca
10,2005,2305.0,Battery Park
11,2005,2305.0,Tribeca
12,2006,2013.0,Battery Park
13,2006,2013.0,Tribeca
14,2007,1914.0,Battery Park
15,2007,1914.0,Tribeca
16,2008,1708.0,Battery Park
17,2008,1708.0,Tribeca
18,2009,1578.0,Battery Park
19,2009,1578.0,Tribeca
20,2010,1445.0,Battery Park
21,2010,1445.0,Tribeca
22,2011,1402.0,Battery Park
23,2011,1402.0,Tribeca
24,2012,1416.0,Battery Park
25,2012,1416.0,Tribeca
26,2013,1416.0,Battery Park
27,2013,1416.0,Tribeca
28,2014,1208.0,Battery Park
29,2014,1208.0,Tribeca
30,2015,1446.0,Battery Park
31,2015,1446.0,Tribeca
32,2016,1395.0,Battery Park
33,2016,1395.0,Tribeca
34,2017,1337.0,Battery Park
35,2017,1337.0,Tribeca
36,2018,1356.0,Battery Park
37,2018,1356.0,Tribeca
38,2000,1780.0,Lower East Side
39,2000,1780.0,Chinatown
40,2001,1458.0,Lower East Side
41,2001,1458.0,Chinatown
42,2002,1309.0,Lower East Side
43,2002,1309.0,Chinatown
44,2003,1231.0,Lower East Side
45,2003,1231.0,Chinatown
46,2004,1170.0,Lower East Side
47,2004,1170.0,Chinatown
48,2005,1131.0,Lower East Side
49,2005,1131.0,Chinatown
50,2006,1040.0,Lower East Side
51,2006,1040.0,Chinatown
52,2007,1031.0,Lower East Side
53,2007,1031.0,Chinatown
54,2008,1029.0,Lower East Side
55,2008,1029.0,Chinatown
56,2009,975.0,Lower East Side
57,2009,975.0,Chinatown
58,2010,969.0,Lower East Side
59,2010,969.0,Chinatown
60,2011,962.0,Lower East Side
61,2011,962.0,Chinatown
62,2012,1001.0,Lower East Side
63,2012,1001.0,Chinatown
64,2013,980.0,Lower East Side
65,2013,980.0,Chinatown
66,2014,870.0,Lower East Side
67,2014,870.0,Chinatown
68,2015,917.0,Lower East Side
69,2015,917.0,Chinatown
70,2016,899.0,Lower East Side
71,2016,899.0,Chinatown
72,2017,889.0,Lower East Side
73,2017,889.0,Chinatown
74,2018,897.0,Lower East Side
75,2018,897.0,Chinatown
76,2000,2387.0,Greenwich Village
77,2000,2387.0,Soho
78,2001,2141.0,Greenwich Village
79,2001,2141.0,Soho
80,2002,2059.0,Greenwich Village
81,2002,2059.0,Soho
82,2003,2068.0,Greenwich Village
83,2003,2068.0,Soho
84,2004,2174.0,Greenwich Village
85,2004,2174.0,Soho
86,2005,2055.0,Greenwich Village
87,2005,2055.0,Soho
88,2006,1979.0,Greenwich Village
89,2006,1979.0,Soho
90,2007,1837.0,Greenwich Village
91,2007,1837.0,Soho
92,2008,1738.0,Greenwich Village
93,2008,1738.0,Soho
94,2009,1633.0,Greenwich Village
95,2009,1633.0,Soho
96,2010,1530.0,Greenwich Village
97,2010,1530.0,Soho
98,2011,1504.0,Greenwich Village
99,2011,1504.0,Soho
100,2012,1574.0,Greenwich Village
101,2012,1574.0,Soho
102,2013,1703.0,Greenwich Village
103,2013,1703.0,Soho
104,2014,1575.0,Greenwich Village
105,2014,1575.0,Soho
106,2015,1521.0,Greenwich Village
107,2015,1521.0,Soho
108,2016,1388.0,Greenwich Village
109,2016,1388.0,Soho
110,2017,1432.0,Greenwich Village
111,2017,1432.0,Soho
112,2018,1517.0,Greenwich Village
113,2018,1517.0,Soho
114,2000,990.0,Lower East Side
115,2000,990.0,Chinatown
116,2001,892.0,Lower East Side
117,2001,892.0,Chinatown
118,2002,908.0,Lower East Side
119,2002,908.0,Chinatown
120,2003,864.0,Lower East Side
121,2003,864.0,Chinatown
122,2004,857.0,Lower East Side
123,2004,857.0,Chinatown
124,2005,804.0,Lower East Side
125,2005,804.0,Chinatown
126,2006,864.0,Lower East Side
127,2006,864.0,Chinatown
128,2007,856.0,Lower East Side
129,2007,856.0,Chinatown
130,2008,807.0,Lower East Side
131,2008,807.0,Chinatown
132,2009,702.0,Lower East Side
133,2009,702.0,Chinatown
134,2010,702.0,Lower East Side
135,2010,702.0,Chinatown
136,2011,704.0,Lower East Side
137,2011,704.0,Chinatown
138,2012,762.0,Lower East Side
139,2012,762.0,Chinatown
140,2013,711.0,Lower East Side
141,2013,711.0,Chinatown
142,2014,732.0,Lower East Side
143,2014,732.0,Chinatown
144,2015,781.0,Lower East Side
145,2015,781.0,Chinatown
146,2016,823.0,Lower East Side
147,2016,823.0,Chinatown
148,2017,865.0,Lower East Side
149,2017,865.0,Chinatown
150,2018,919.0,Lower East Side
151,2018,919.0,Chinatown
152,2000,2115.0,Lower East Side
153,2000,2115.0,Chinatown
154,2001,1672.0,Lower East Side
155,2001,1672.0,Chinatown
156,2002,1809.0,Lower East Side
157,2002,1809.0,Chinatown
158,2003,1801.0,Lower East Side
159,2003,1801.0,Chinatown
160,2004,1747.0,Lower East Side
161,2004,1747.0,Chinatown
162,2005,1664.0,Lower East Side
163,2005,1664.0,Chinatown
164,2006,1579.0,Lower East Side
165,2006,1579.0,Chinatown
166,2007,1519.0,Lower East Side
167,2007,1519.0,Chinatown
168,2008,1495.0,Lower East Side
169,2008,1495.0,Chinatown
170,2009,1523.0,Lower East Side
171,2009,1523.0,Chinatown
172,2010,1387.0,Lower East Side
173,2010,1387.0,Chinatown
174,2011,1350.0,Lower East Side
175,2011,1350.0,Chinatown
176,2012,1419.0,Lower East Side
177,2012,1419.0,Chinatown
178,2013,1424.0,Lower East Side
179,2013,1424.0,Chinatown
180,2014,1331.0,Lower East Side
181,2014,1331.0,Chinatown
182,2015,1337.0,Lower East Side
183,2015,1337.0,Chinatown
184,2016,1463.0,Lower East Side
185,2016,1463.0,Chinatown
186,2017,1300.0,Lower East Side
187,2017,1300.0,Chinatown
188,2018,1302.0,Lower East Side
189,2018,1302.0,Chinatown
190,2000,1398.0,Chelsea
191,2000,1398.0,Clinton
192,2001,877.0,Chelsea
193,2001,877.0,Clinton
194,2002,831.0,Chelsea
195,2002,831.0,Clinton
196,2003,1436.0,Chelsea
197,2003,1436.0,Clinton
198,2004,1466.0,Chelsea
199,2004,1466.0,Clinton
200,2005,1418.0,Chelsea
201,2005,1418.0,Clinton
202,2006,1469.0,Chelsea
203,2006,1469.0,Clinton
204,2007,1326.0,Chelsea
205,2007,1326.0,Clinton
206,2008,1321.0,Chelsea
207,2008,1321.0,Clinton
208,2009,1133.0,Chelsea
209,2009,1133.0,Clinton
210,2010,1049.0,Chelsea
211,2010,1049.0,Clinton
212,2011,1037.0,Chelsea
213,2011,1037.0,Clinton
214,2012,1088.0,Chelsea
215,2012,1088.0,Clinton
216,2013,1123.0,Chelsea
217,2013,1123.0,Clinton
218,2014,1022.0,Chelsea
219,2014,1022.0,Clinton
220,2015,1061.0,Chelsea
221,2015,1061.0,Clinton
222,2016,1032.0,Chelsea
223,2016,1032.0,Clinton
224,2017,981.0,Chelsea
225,2017,981.0,Clinton
226,2018,1046.0,Chelsea
227,2018,1046.0,Clinton
228,2000,3317.0,Stuyvesant Town
229,2000,3317.0,Turtle Bay
230,2001,3054.0,Stuyvesant Town
231,2001,3054.0,Turtle Bay
232,2002,3145.0,Stuyvesant Town
233,2002,3145.0,Turtle Bay
234,2003,3031.0,Stuyvesant Town
235,2003,3031.0,Turtle Bay
236,2004,3071.0,Stuyvesant Town
237,2004,3071.0,Turtle Bay
238,2005,2812.0,Stuyvesant Town
239,2005,2812.0,Turtle Bay
240,2006,2716.0,Stuyvesant Town
241,2006,2716.0,Turtle Bay
242,2007,2540.0,Stuyvesant Town
243,2007,2540.0,Turtle Bay
244,2008,2518.0,Stuyvesant Town
245,2008,2518.0,Turtle Bay
246,2009,2389.0,Stuyvesant Town
247,2009,2389.0,Turtle Bay
248,2010,2136.0,Stuyvesant Town
249,2010,2136.0,Turtle Bay
250,2011,2044.0,Stuyvesant Town
251,2011,2044.0,Turtle Bay
252,2012,2022.0,Stuyvesant Town
253,2012,2022.0,Turtle Bay
254,2013,2152.0,Stuyvesant Town
255,2013,2152.0,Turtle Bay
256,2014,2061.0,Stuyvesant Town
257,2014,2061.0,Turtle Bay
258,2015,2056.0,Stuyvesant Town
259,2015,2056.0,Turtle Bay
260,2016,1879.0,Stuyvesant Town
261,2016,1879.0,Turtle Bay
262,2017,1694.0,Stuyvesant Town
263,2017,1694.0,Turtle Bay
264,2018,1954.0,Stuyvesant Town
265,2018,1954.0,Turtle Bay
266,2000,6857.0,Midtown Business District
267,2001,6088.0,Midtown Business District
268,2002,5265.0,Midtown Business District
269,2003,5105.0,Midtown Business District
270,2004,4730.0,Midtown Business District
271,2005,4423.0,Midtown Business District
272,2006,4173.0,Midtown Business District
273,2007,3971.0,Midtown Business District
274,2008,3708.0,Midtown Business District
275,2009,3330.0,Midtown Business District
276,2010,3069.0,Midtown Business District
277,2011,2896.0,Midtown Business District
278,2012,2896.0,Midtown Business District
279,2013,2863.0,Midtown Business District
280,2014,2744.0,Midtown Business District
281,2015,2809.0,Midtown Business District
282,2016,2797.0,Midtown Business District
283,2017,2645.0,Midtown Business District
284,2018,2606.0,Midtown Business District
285,2000,2028.0,Stuyvesant Town
286,2000,2028.0,Turtle Bay
287,2001,1990.0,Stuyvesant Town
288,2001,1990.0,Turtle Bay
289,2002,1801.0,Stuyvesant Town
290,2002,1801.0,Turtle Bay
291,2003,1796.0,Stuyvesant Town
292,2003,1796.0,Turtle Bay
293,2004,1667.0,Stuyvesant Town
294,2004,1667.0,Turtle Bay
295,2005,1397.0,Stuyvesant Town
296,2005,1397.0,Turtle Bay
297,2006,1391.0,Stuyvesant Town
298,2006,1391.0,Turtle Bay
299,2007,1277.0,Stuyvesant Town
300,2007,1277.0,Turtle Bay
301,2008,1269.0,Stuyvesant Town
302,2008,1269.0,Turtle Bay
303,2009,1018.0,Stuyvesant Town
304,2009,1018.0,Turtle Bay
305,2010,990.0,Stuyvesant Town
306,2010,990.0,Turtle Bay
307,2011,937.0,Stuyvesant Town
308,2011,937.0,Turtle Bay
309,2012,1020.0,Stuyvesant Town
310,2012,1020.0,Turtle Bay
311,2013,1024.0,Stuyvesant Town
312,2013,1024.0,Turtle Bay
313,2014,909.0,Stuyvesant Town
314,2014,909.0,Turtle Bay
315,2015,986.0,Stuyvesant Town
316,2015,986.0,Turtle Bay
317,2016,1000.0,Stuyvesant Town
318,2016,1000.0,Turtle Bay
319,2017,1023.0,Stuyvesant Town
320,2017,1023.0,Turtle Bay
321,2018,1021.0,Stuyvesant Town
322,2018,1021.0,Turtle Bay
323,2000,5607.0,Chelsea
324,2000,5607.0,Clinton
325,2001,5263.0,Chelsea
326,2001,5263.0,Clinton
327,2002,4508.0,Chelsea
328,2002,4508.0,Clinton
329,2003,4144.0,Chelsea
330,2003,4144.0,Clinton
331,2004,3992.0,Chelsea
332,2004,3992.0,Clinton
333,2005,3652.0,Chelsea
334,2005,3652.0,Clinton
335,2006,2945.0,Chelsea
336,2006,2945.0,Clinton
337,2007,2761.0,Chelsea
338,2007,2761.0,Clinton
339,2008,2718.0,Chelsea
340,2008,2718.0,Clinton
341,2009,2479.0,Chelsea
342,2009,2479.0,Clinton
343,2010,2331.0,Chelsea
344,2010,2331.0,Clinton
345,2011,2228.0,Chelsea
346,2011,2228.0,Clinton
347,2012,2313.0,Chelsea
348,2012,2313.0,Clinton
349,2013,2271.0,Chelsea
350,2013,2271.0,Clinton
351,2014,2394.0,Chelsea
352,2014,2394.0,Clinton
353,2015,2361.0,Chelsea
354,2015,2361.0,Clinton
355,2016,2467.0,Chelsea
356,2016,2467.0,Clinton
357,2017,2411.0,Chelsea
358,2017,2411.0,Clinton
359,2018,2425.0,Chelsea
360,2018,2425.0,Clinton
361,2000,4188.0,Upper East Side
362,2001,3784.0,Upper East Side
363,2002,3606.0,Upper East Side
364,2003,3310.0,Upper East Side
365,2004,3326.0,Upper East Side
366,2005,2892.0,Upper East Side
367,2006,2842.0,Upper East Side
368,2007,2582.0,Upper East Side
369,2008,2371.0,Upper East Side
370,2009,1940.0,Upper East Side
371,2010,1871.0,Upper East Side
372,2011,1828.0,Upper East Side
373,2012,2036.0,Upper East Side
374,2013,2064.0,Upper East Side
375,2014,1913.0,Upper East Side
376,2015,1904.0,Upper East Side
377,2016,1959.0,Upper East Side
378,2017,1972.0,Upper East Side
379,2018,2063.0,Upper East Side
380,2000,1742.0,West Ode
381,2000,1742.0,Upper West Side
382,2001,1509.0,West Ode
383,2001,1509.0,Upper West Side
384,2002,1499.0,West Ode
385,2002,1499.0,Upper West Side
386,2003,1510.0,West Ode
387,2003,1510.0,Upper West Side
388,2004,1660.0,West Ode
389,2004,1660.0,Upper West Side
390,2005,1519.0,West Ode
391,2005,1519.0,Upper West Side
392,2006,1327.0,West Ode
393,2006,1327.0,Upper West Side
394,2007,1259.0,West Ode
395,2007,1259.0,Upper West Side
396,2008,1165.0,West Ode
397,2008,1165.0,Upper West Side
398,2009,1056.0,West Ode
399,2009,1056.0,Upper West Side
400,2010,970.0,West Ode
401,2010,970.0,Upper West Side
402,2011,858.0,West Ode
403,2011,858.0,Upper West Side
404,2012,1028.0,West Ode
405,2012,1028.0,Upper West Side
406,2013,969.0,West Ode
407,2013,969.0,Upper West Side
408,2014,899.0,West Ode
409,2014,899.0,Upper West Side
410,2015,873.0,West Ode
411,2015,873.0,Upper West Side
412,2016,854.0,West Ode
413,2016,854.0,Upper West Side
414,2017,952.0,West Ode
415,2017,952.0,Upper West Side
416,2018,923.0,West Ode
417,2018,923.0,Upper West Side
418,2000,1509.0,East Harlem
419,2001,1341.0,East Harlem
420,2002,1258.0,East Harlem
421,2003,1218.0,East Harlem
422,2004,1110.0,East Harlem
423,2005,1130.0,East Harlem
424,2006,1008.0,East Harlem
425,2007,984.0,East Harlem
426,2008,1000.0,East Harlem
427,2009,882.0,East Harlem
428,2010,878.0,East Harlem
429,2011,870.0,East Harlem
430,2012,1014.0,East Harlem
431,2013,1062.0,East Harlem
432,2014,1001.0,East Harlem
433,2015,1025.0,East Harlem
434,2016,985.0,East Harlem
435,2017,909.0,East Harlem
436,2018,863.0,East Harlem
437,2000,1554.0,West Side
438,2000,1554.0,Upper West Side
439,2001,1475.0,West Side
440,2001,1475.0,Upper West Side
441,2002,1453.0,West Side
442,2002,1453.0,Upper West Side
443,2003,1450.0,West Side
444,2003,1450.0,Upper West Side
445,2004,1408.0,West Side
446,2004,1408.0,Upper West Side
447,2005,1499.0,West Side
448,2005,1499.0,Upper West Side
449,2006,1313.0,West Side
450,2006,1313.0,Upper West Side
451,2007,1177.0,West Side
452,2007,1177.0,Upper West Side
453,2008,1148.0,West Side
454,2008,1148.0,Upper West Side
455,2009,986.0,West Side
456,2009,986.0,Upper West Side
457,2010,1004.0,West Side
458,2010,1004.0,Upper West Side
459,2011,911.0,West Side
460,2011,911.0,Upper West Side
461,2012,1080.0,West Side
462,2012,1080.0,Upper West Side
463,2013,1022.0,West Side
464,2013,1022.0,Upper West Side
465,2014,1020.0,West Side
466,2014,1020.0,Upper West Side
467,2015,1018.0,West Side
468,2015,1018.0,Upper West Side
469,2016,1100.0,West Side
470,2016,1100.0,Upper West Side
471,2017,1091.0,West Side
472,2017,1091.0,Upper West Side
473,2018,1074.0,West Side
474,2018,1074.0,Upper West Side
475,2000,1151.0,East Harlem
476,2001,1057.0,East Harlem
477,2002,1088.0,East Harlem
478,2003,1115.0,East Harlem
479,2004,1131.0,East Harlem
480,2005,1102.0,East Harlem
481,2006,1101.0,East Harlem
482,2007,1058.0,East Harlem
483,2008,1063.0,East Harlem
484,2009,914.0,East Harlem
485,2010,899.0,East Harlem
486,2011,880.0,East Harlem
487,2012,1056.0,East Harlem
488,2013,1111.0,East Harlem
489,2014,1046.0,East Harlem
490,2015,1125.0,East Harlem
491,2016,1053.0,East Harlem
492,2017,1111.0,East Harlem
493,2018,1219.0,East Harlem
494,2000,1092.0,Manhattanville
495,2000,1092.0,Hamilton Heights
496,2001,930.0,Manhattanville
497,2001,930.0,Hamilton Heights
498,2002,922.0,Manhattanville
499,2002,922.0,Hamilton Heights
500,2003,929.0,Manhattanville
501,2003,929.0,Hamilton Heights
502,2004,909.0,Manhattanville
503,2004,909.0,Hamilton Heights
504,2005,913.0,Manhattanville
505,2005,913.0,Hamilton Heights
506,2006,889.0,Manhattanville
507,2006,889.0,Hamilton Heights
508,2007,780.0,Manhattanville
509,2007,780.0,Hamilton Heights
510,2008,758.0,Manhattanville
511,2008,758.0,Hamilton Heights
512,2009,650.0,Manhattanville
513,2009,650.0,Hamilton Heights
514,2010,670.0,Manhattanville
515,2010,670.0,Hamilton Heights
516,2011,616.0,Manhattanville
517,2011,616.0,Hamilton Heights
518,2012,678.0,Manhattanville
519,2012,678.0,Hamilton Heights
520,2013,689.0,Manhattanville
521,2013,689.0,Hamilton Heights
522,2014,617.0,Manhattanville
523,2014,617.0,Hamilton Heights
524,2015,597.0,Manhattanville
525,2015,597.0,Hamilton Heights
526,2016,597.0,Manhattanville
527,2016,597.0,Hamilton Heights
528,2017,596.0,Manhattanville
529,2017,596.0,Hamilton Heights
530,2018,683.0,Manhattanville
531,2018,683.0,Hamilton Heights
532,2000,1197.0,Central Harlem
533,2001,968.0,Central Harlem
534,2002,895.0,Central Harlem
535,2003,914.0,Central Harlem
536,2004,912.0,Central Harlem
537,2005,1005.0,Central Harlem
538,2006,1105.0,Central Harlem
539,2007,886.0,Central Harlem
540,2008,1003.0,Central Harlem
541,2009,897.0,Central Harlem
542,2010,892.0,Central Harlem
543,2011,911.0,Central Harlem
544,2012,945.0,Central Harlem
545,2013,920.0,Central Harlem
546,2014,823.0,Central Harlem
547,2015,945.0,Central Harlem
548,2016,1033.0,Central Harlem
549,2017,966.0,Central Harlem
550,2018,947.0,Central Harlem
551,2000,1483.0,Manhattanville
552,2000,1483.0,Hamilton Heights
553,2001,1211.0,Manhattanville
554,2001,1211.0,Hamilton Heights
555,2002,1096.0,Manhattanville
556,2002,1096.0,Hamilton Heights
557,2003,1154.0,Manhattanville
558,2003,1154.0,Hamilton Heights
559,2004,1186.0,Manhattanville
560,2004,1186.0,Hamilton Heights
561,2005,1101.0,Manhattanville
562,2005,1101.0,Hamilton Heights
563,2006,1053.0,Manhattanville
564,2006,1053.0,Hamilton Heights
565,2007,975.0,Manhattanville
566,2007,975.0,Hamilton Heights
567,2008,888.0,Manhattanville
568,2008,888.0,Hamilton Heights
569,2009,737.0,Manhattanville
570,2009,737.0,Hamilton Heights
571,2010,767.0,Manhattanville
572,2010,767.0,Hamilton Heights
573,2011,797.0,Manhattanville
574,2011,797.0,Hamilton Heights
575,2012,868.0,Manhattanville
576,2012,868.0,Hamilton Heights
577,2013,832.0,Manhattanville
578,2013,832.0,Hamilton Heights
579,2014,749.0,Manhattanville
580,2014,749.0,Hamilton Heights
581,2015,733.0,Manhattanville
582,2015,733.0,Hamilton Heights
583,2016,722.0,Manhattanville
584,2016,722.0,Hamilton Heights
585,2017,696.0,Manhattanville
586,2017,696.0,Hamilton Heights
587,2018,807.0,Manhattanville
588,2018,807.0,Hamilton Heights
589,2000,1697.0,Central Harlem
590,2001,1602.0,Central Harlem
591,2002,1446.0,Central Harlem
592,2003,1410.0,Central Harlem
593,2004,1455.0,Central Harlem
594,2005,1364.0,Central Harlem
595,2006,1475.0,Central Harlem
596,2007,1278.0,Central Harlem
597,2008,1204.0,Central Harlem
598,2009,1105.0,Central Harlem
599,2010,1103.0,Central Harlem
600,2011,1108.0,Central Harlem
601,2012,1029.0,Central Harlem
602,2013,1000.0,Central Harlem
603,2014,996.0,Central Harlem
604,2015,1120.0,Central Harlem
605,2016,1052.0,Central Harlem
606,2017,950.0,Central Harlem
607,2018,1026.0,Central Harlem
608,2000,1309.0,Washington Heigh.
609,2000,1309.0,Inwood
610,2001,1214.0,Washington Heigh.
611,2001,1214.0,Inwood
612,2002,1232.0,Washington Heigh.
613,2002,1232.0,Inwood
614,2003,1201.0,Washington Heigh.
615,2003,1201.0,Inwood
616,2004,1123.0,Washington Heigh.
617,2004,1123.0,Inwood
618,2005,1000.0,Washington Heigh.
619,2005,1000.0,Inwood
620,2006,948.0,Washington Heigh.
621,2006,948.0,Inwood
622,2007,918.0,Washington Heigh.
623,2007,918.0,Inwood
624,2008,921.0,Washington Heigh.
625,2008,921.0,Inwood
626,2009,876.0,Washington Heigh.
627,2009,876.0,Inwood
628,2010,884.0,Washington Heigh.
629,2010,884.0,Inwood
630,2011,877.0,Washington Heigh.
631,2011,877.0,Inwood
632,2012,894.0,Washington Heigh.
633,2012,894.0,Inwood
634,2013,927.0,Washington Heigh.
635,2013,927.0,Inwood
636,2014,811.0,Washington Heigh.
637,2014,811.0,Inwood
638,2015,807.0,Washington Heigh.
639,2015,807.0,Inwood
640,2016,712.0,Washington Heigh.
641,2016,712.0,Inwood
642,2017,681.0,Washington Heigh.
643,2017,681.0,Inwood
644,2018,708.0,Washington Heigh.
645,2018,708.0,Inwood
646,2000,1977.0,Washington Heights
647,2000,1977.0,Inwood
648,2001,1690.0,Washington Heights
649,2001,1690.0,Inwood
650,2002,1718.0,Washington Heights
651,2002,1718.0,Inwood
652,2003,1586.0,Washington Heights
653,2003,1586.0,Inwood
654,2004,1656.0,Washington Heights
655,2004,1656.0,Inwood
656,2005,1502.0,Washington Heights
657,2005,1502.0,Inwood
658,2006,1403.0,Washington Heights
659,2006,1403.0,Inwood
660,2007,1359.0,Washington Heights
661,2007,1359.0,Inwood
662,2008,1327.0,Washington Heights
663,2008,1327.0,Inwood
664,2009,1238.0,Washington Heights
665,2009,1238.0,Inwood
666,2010,1200.0,Washington Heights
667,2010,1200.0,Inwood
668,2011,1283.0,Washington Heights
669,2011,1283.0,Inwood
670,2012,1157.0,Washington Heights
671,2012,1157.0,Inwood
672,2013,1160.0,Washington Heights
673,2013,1160.0,Inwood
674,2014,1151.0,Washington Heights
675,2014,1151.0,Inwood
676,2015,1315.0,Washington Heights
677,2015,1315.0,Inwood
678,2016,1323.0,Washington Heights
679,2016,1323.0,Inwood
680,2017,1382.0,Washington Heights
681,2017,1382.0,Inwood
682,2018,1377.0,Washington Heights
683,2018,1377.0,Inwood
684,2000,2449.0,Melrose
685,2000,2449.0,Mott Haven
686,2000,2449.0,Port Morris
687,2001,2162.0,Melrose
688,2001,2162.0,Mott Haven
689,2001,2162.0,Port Morris
690,2002,2115.0,Melrose
691,2002,2115.0,Mott Haven
692,2002,2115.0,Port Morris
693,2003,2146.0,Melrose
694,2003,2146.0,Mott Haven
695,2003,2146.0,Port Morris
696,2004,2103.0,Melrose
697,2004,2103.0,Mott Haven
698,2004,2103.0,Port Morris
699,2005,1950.0,Melrose
700,2005,1950.0,Mott Haven
701,2005,1950.0,Port Morris
702,2006,1874.0,Melrose
703,2006,1874.0,Mott Haven
704,2006,1874.0,Port Morris
705,2007,1827.0,Melrose
706,2007,1827.0,Mott Haven
707,2007,1827.0,Port Morris
708,2008,1865.0,Melrose
709,2008,1865.0,Mott Haven
710,2008,1865.0,Port Morris
711,2009,1645.0,Melrose
712,2009,1645.0,Mott Haven
713,2009,1645.0,Port Morris
714,2010,1672.0,Melrose
715,2010,1672.0,Mott Haven
716,2010,1672.0,Port Morris
717,2011,1667.0,Melrose
718,2011,1667.0,Mott Haven
719,2011,1667.0,Port Morris
720,2012,1628.0,Melrose
721,2012,1628.0,Mott Haven
722,2012,1628.0,Port Morris
723,2013,1902.0,Melrose
724,2013,1902.0,Mott Haven
725,2013,1902.0,Port Morris
726,2014,1646.0,Melrose
727,2014,1646.0,Mott Haven
728,2014,1646.0,Port Morris
729,2015,2118.0,Melrose
730,2015,2118.0,Mott Haven
731,2015,2118.0,Port Morris
732,2016,2430.0,Melrose
733,2016,2430.0,Mott Haven
734,2016,2430.0,Port Morris
735,2017,2476.0,Melrose
736,2017,2476.0,Mott Haven
737,2017,2476.0,Port Morris
738,2018,2344.0,Melrose
739,2018,2344.0,Mott Haven
740,2018,2344.0,Port Morris
741,2000,1834.0,Hunts Point
742,2000,1834.0,Longwood
743,2001,1440.0,Hunts Point
744,2001,1440.0,Longwood
745,2002,1405.0,Hunts Point
746,2002,1405.0,Longwood
747,2003,1372.0,Hunts Point
748,2003,1372.0,Longwood
749,2004,1320.0,Hunts Point
750,2004,1320.0,Longwood
751,2005,1322.0,Hunts Point
752,2005,1322.0,Longwood
753,2006,1277.0,Hunts Point
754,2006,1277.0,Longwood
755,2007,1276.0,Hunts Point
756,2007,1276.0,Longwood
757,2008,1279.0,Hunts Point
758,2008,1279.0,Longwood
759,2009,1243.0,Hunts Point
760,2009,1243.0,Longwood
761,2010,1271.0,Hunts Point
762,2010,1271.0,Longwood
763,2011,1342.0,Hunts Point
764,2011,1342.0,Longwood
765,2012,1488.0,Hunts Point
766,2012,1488.0,Longwood
767,2013,1760.0,Hunts Point
768,2013,1760.0,Longwood
769,2014,1291.0,Hunts Point
770,2014,1291.0,Longwood
771,2015,1164.0,Hunts Point
772,2015,1164.0,Longwood
773,2016,1142.0,Hunts Point
774,2016,1142.0,Longwood
775,2017,908.0,Hunts Point
776,2017,908.0,Longwood
777,2018,976.0,Hunts Point
778,2018,976.0,Longwood
779,2000,1838.0,Moriisania Croton Park East
780,2001,1686.0,Moriisania Croton Park East
781,2002,1632.0,Moriisania Croton Park East
782,2003,1639.0,Moriisania Croton Park East
783,2004,1592.0,Moriisania Croton Park East
784,2005,1684.0,Moriisania Croton Park East
785,2006,1668.0,Moriisania Croton Park East
786,2007,1563.0,Moriisania Croton Park East
787,2008,1351.0,Moriisania Croton Park East
788,2009,1142.0,Moriisania Croton Park East
789,2010,1178.0,Moriisania Croton Park East
790,2011,1243.0,Moriisania Croton Park East
791,2012,1277.0,Moriisania Croton Park East
792,2013,1335.0,Moriisania Croton Park East
793,2014,1334.0,Moriisania Croton Park East
794,2015,1343.0,Moriisania Croton Park East
795,2016,1414.0,Moriisania Croton Park East
796,2017,1412.0,Moriisania Croton Park East
797,2018,1473.0,Moriisania Croton Park East
798,2000,3576.0,Soundview
799,2000,3576.0,Parkchester
800,2001,3329.0,Soundview
801,2001,3329.0,Parkchester
802,2002,3220.0,Soundview
803,2002,3220.0,Parkchester
804,2003,3084.0,Soundview
805,2003,3084.0,Parkchester
806,2004,2957.0,Soundview
807,2004,2957.0,Parkchester
808,2005,2840.0,Soundview
809,2005,2840.0,Parkchester
810,2006,2709.0,Soundview
811,2006,2709.0,Parkchester
812,2007,2592.0,Soundview
813,2007,2592.0,Parkchester
814,2008,2574.0,Soundview
815,2008,2574.0,Parkchester
816,2009,2423.0,Soundview
817,2009,2423.0,Parkchester
818,2010,2306.0,Soundview
819,2010,2306.0,Parkchester
820,2011,2382.0,Soundview
821,2011,2382.0,Parkchester
822,2012,2437.0,Soundview
823,2012,2437.0,Parkchester
824,2013,2480.0,Soundview
825,2013,2480.0,Parkchester
826,2014,2452.0,Soundview
827,2014,2452.0,Parkchester
828,2015,2491.0,Soundview
829,2015,2491.0,Parkchester
830,2016,2342.0,Soundview
831,2016,2342.0,Parkchester
832,2017,2060.0,Soundview
833,2017,2060.0,Parkchester
834,2018,1940.0,Soundview
835,2018,1940.0,Parkchester
836,2000,3685.0,Highbridge
837,2000,3685.0,Concourse Village
838,2001,2895.0,Highbridge
839,2001,2895.0,Concourse Village
840,2002,2764.0,Highbridge
841,2002,2764.0,Concourse Village
842,2003,2505.0,Highbridge
843,2003,2505.0,Concourse Village
844,2004,2440.0,Highbridge
845,2004,2440.0,Concourse Village
846,2005,2350.0,Highbridge
847,2005,2350.0,Concourse Village
848,2006,2289.0,Highbridge
849,2006,2289.0,Concourse Village
850,2007,2217.0,Highbridge
851,2007,2217.0,Concourse Village
852,2008,2167.0,Highbridge
853,2008,2167.0,Concourse Village
854,2009,2046.0,Highbridge
855,2009,2046.0,Concourse Village
856,2010,1994.0,Highbridge
857,2010,1994.0,Concourse Village
858,2011,2072.0,Highbridge
859,2011,2072.0,Concourse Village
860,2012,2204.0,Highbridge
861,2012,2204.0,Concourse Village
862,2013,2191.0,Highbridge
863,2013,2191.0,Concourse Village
864,2014,2306.0,Highbridge
865,2014,2306.0,Concourse Village
866,2015,2469.0,Highbridge
867,2015,2469.0,Concourse Village
868,2016,2260.0,Highbridge
869,2016,2260.0,Concourse Village
870,2017,2112.0,Highbridge
871,2017,2112.0,Concourse Village
872,2018,2053.0,Highbridge
873,2018,2053.0,Concourse Village
874,2000,2035.0,Throgs Neck
875,2000,2035.0,Co-op City
876,2000,2035.0,Pelham Bay
877,2001,1890.0,Throgs Neck
878,2001,1890.0,Co-op City
879,2001,1890.0,Pelham Bay
880,2002,1845.0,Throgs Neck
881,2002,1845.0,Co-op City
882,2002,1845.0,Pelham Bay
883,2003,1763.0,Throgs Neck
884,2003,1763.0,Co-op City
885,2003,1763.0,Pelham Bay
886,2004,1756.0,Throgs Neck
887,2004,1756.0,Co-op City
888,2004,1756.0,Pelham Bay
889,2005,1550.0,Throgs Neck
890,2005,1550.0,Co-op City
891,2005,1550.0,Pelham Bay
892,2006,1508.0,Throgs Neck
893,2006,1508.0,Co-op City
894,2006,1508.0,Pelham Bay
895,2007,1434.0,Throgs Neck
896,2007,1434.0,Co-op City
897,2007,1434.0,Pelham Bay
898,2008,1411.0,Throgs Neck
899,2008,1411.0,Co-op City
900,2008,1411.0,Pelham Bay
901,2009,1443.0,Throgs Neck
902,2009,1443.0,Co-op City
903,2009,1443.0,Pelham Bay
904,2010,1434.0,Throgs Neck
905,2010,1434.0,Co-op City
906,2010,1434.0,Pelham Bay
907,2011,1276.0,Throgs Neck
908,2011,1276.0,Co-op City
909,2011,1276.0,Pelham Bay
910,2012,1177.0,Throgs Neck
911,2012,1177.0,Co-op City
912,2012,1177.0,Pelham Bay
913,2013,1110.0,Throgs Neck
914,2013,1110.0,Co-op City
915,2013,1110.0,Pelham Bay
916,2014,1149.0,Throgs Neck
917,2014,1149.0,Co-op City
918,2014,1149.0,Pelham Bay
919,2015,1244.0,Throgs Neck
920,2015,1244.0,Co-op City
921,2015,1244.0,Pelham Bay
922,2016,1126.0,Throgs Neck
923,2016,1126.0,Co-op City
924,2016,1126.0,Pelham Bay
925,2017,1102.0,Throgs Neck
926,2017,1102.0,Co-op City
927,2017,1102.0,Pelham Bay
928,2018,1178.0,Throgs Neck
929,2018,1178.0,Co-op City
930,2018,1178.0,Pelham Bay
931,2000,2973.0,University Heights
932,2000,2973.0,Fordham
933,2000,2973.0,Mt. Hope
934,2001,2893.0,University Heights
935,2001,2893.0,Fordham
936,2001,2893.0,Mt. Hope
937,2002,2790.0,University Heights
938,2002,2790.0,Fordham
939,2002,2790.0,Mt. Hope
940,2003,2646.0,University Heights
941,2003,2646.0,Fordham
942,2003,2646.0,Mt. Hope
943,2004,2560.0,University Heights
944,2004,2560.0,Fordham
945,2004,2560.0,Mt. Hope
946,2005,2524.0,University Heights
947,2005,2524.0,Fordham
948,2005,2524.0,Mt. Hope
949,2006,2154.0,University Heights
950,2006,2154.0,Fordham
951,2006,2154.0,Mt. Hope
952,2007,2028.0,University Heights
953,2007,2028.0,Fordham
954,2007,2028.0,Mt. Hope
955,2008,1820.0,University Heights
956,2008,1820.0,Fordham
957,2008,1820.0,Mt. Hope
958,2009,1568.0,University Heights
959,2009,1568.0,Fordham
960,2009,1568.0,Mt. Hope
961,2010,1516.0,University Heights
962,2010,1516.0,Fordham
963,2010,1516.0,Mt. Hope
964,2011,1614.0,University Heights
965,2011,1614.0,Fordham
966,2011,1614.0,Mt. Hope
967,2012,1612.0,University Heights
968,2012,1612.0,Fordham
969,2012,1612.0,Mt. Hope
970,2013,1681.0,University Heights
971,2013,1681.0,Fordham
972,2013,1681.0,Mt. Hope
973,2014,1645.0,University Heights
974,2014,1645.0,Fordham
975,2014,1645.0,Mt. Hope
976,2015,1828.0,University Heights
977,2015,1828.0,Fordham
978,2015,1828.0,Mt. Hope
979,2016,1926.0,University Heights
980,2016,1926.0,Fordham
981,2016,1926.0,Mt. Hope
982,2017,1819.0,University Heights
983,2017,1819.0,Fordham
984,2017,1819.0,Mt. Hope
985,2018,1692.0,University Heights
986,2018,1692.0,Fordham
987,2018,1692.0,Mt. Hope
988,2000,2952.0,Wakefield
989,2000,2952.0,Williamsbridge
990,2001,2306.0,Wakefield
991,2001,2306.0,Williamsbridge
992,2002,2081.0,Wakefield
993,2002,2081.0,Williamsbridge
994,2003,2100.0,Wakefield
995,2003,2100.0,Williamsbridge
996,2004,2061.0,Wakefield
997,2004,2061.0,Williamsbridge
998,2005,2049.0,Wakefield
999,2005,2049.0,Williamsbridge
1000,2006,1998.0,Wakefield
1001,2006,1998.0,Williamsbridge
1002,2007,1904.0,Wakefield
1003,2007,1904.0,Williamsbridge
1004,2008,1960.0,Wakefield
1005,2008,1960.0,Williamsbridge
1006,2009,1888.0,Wakefield
1007,2009,1888.0,Williamsbridge
1008,2010,1965.0,Wakefield
1009,2010,1965.0,Williamsbridge
1010,2011,1975.0,Wakefield
1011,2011,1975.0,Williamsbridge
1012,2012,2127.0,Wakefield
1013,2012,2127.0,Williamsbridge
1014,2013,2159.0,Wakefield
1015,2013,2159.0,Williamsbridge
1016,2014,2035.0,Wakefield
1017,2014,2035.0,Williamsbridge
1018,2015,2062.0,Wakefield
1019,2015,2062.0,Williamsbridge
1020,2016,2272.0,Wakefield
1021,2016,2272.0,Williamsbridge
1022,2017,2448.0,Wakefield
1023,2017,2448.0,Williamsbridge
1024,2018,2131.0,Wakefield
1025,2018,2131.0,Williamsbridge
1026,2000,2239.0,East Tremont
1027,2000,2239.0,Belmont
1028,2001,1917.0,East Tremont
1029,2001,1917.0,Belmont
1030,2002,1921.0,East Tremont
1031,2002,1921.0,Belmont
1032,2003,1809.0,East Tremont
1033,2003,1809.0,Belmont
1034,2004,1732.0,East Tremont
1035,2004,1732.0,Belmont
1036,2005,1603.0,East Tremont
1037,2005,1603.0,Belmont
1038,2006,1652.0,East Tremont
1039,2006,1652.0,Belmont
1040,2007,1625.0,East Tremont
1041,2007,1625.0,Belmont
1042,2008,1580.0,East Tremont
1043,2008,1580.0,Belmont
1044,2009,1519.0,East Tremont
1045,2009,1519.0,Belmont
1046,2010,1490.0,East Tremont
1047,2010,1490.0,Belmont
1048,2011,1482.0,East Tremont
1049,2011,1482.0,Belmont
1050,2012,1633.0,East Tremont
1051,2012,1633.0,Belmont
1052,2013,1768.0,East Tremont
1053,2013,1768.0,Belmont
1054,2014,1772.0,East Tremont
1055,2014,1772.0,Belmont
1056,2015,1789.0,East Tremont
1057,2015,1789.0,Belmont
1058,2016,1562.0,East Tremont
1059,2016,1562.0,Belmont
1060,2017,1506.0,East Tremont
1061,2017,1506.0,Belmont
1062,2018,1394.0,East Tremont
1063,2018,1394.0,Belmont
1064,2000,2571.0,Pelham Parkway
1065,2000,2571.0,Morris Park
1066,2000,2571.0,Laconia
1067,2001,2072.0,Pelham Parkway
1068,2001,2072.0,Morris Park
1069,2001,2072.0,Laconia
1070,2002,2109.0,Pelham Parkway
1071,2002,2109.0,Morris Park
1072,2002,2109.0,Laconia
1073,2003,1933.0,Pelham Parkway
1074,2003,1933.0,Morris Park
1075,2003,1933.0,Laconia
1076,2004,1919.0,Pelham Parkway
1077,2004,1919.0,Morris Park
1078,2004,1919.0,Laconia
1079,2005,1846.0,Pelham Parkway
1080,2005,1846.0,Morris Park
1081,2005,1846.0,Laconia
1082,2006,1793.0,Pelham Parkway
1083,2006,1793.0,Morris Park
1084,2006,1793.0,Laconia
1085,2007,1749.0,Pelham Parkway
1086,2007,1749.0,Morris Park
1087,2007,1749.0,Laconia
1088,2008,1715.0,Pelham Parkway
1089,2008,1715.0,Morris Park
1090,2008,1715.0,Laconia
1091,2009,1592.0,Pelham Parkway
1092,2009,1592.0,Morris Park
1093,2009,1592.0,Laconia
1094,2010,1681.0,Pelham Parkway
1095,2010,1681.0,Morris Park
1096,2010,1681.0,Laconia
1097,2011,1728.0,Pelham Parkway
1098,2011,1728.0,Morris Park
1099,2011,1728.0,Laconia
1100,2012,1572.0,Pelham Parkway
1101,2012,1572.0,Morris Park
1102,2012,1572.0,Laconia
1103,2013,1148.0,Pelham Parkway
1104,2013,1148.0,Morris Park
1105,2013,1148.0,Laconia
1106,2014,1073.0,Pelham Parkway
1107,2014,1073.0,Morris Park
1108,2014,1073.0,Laconia
1109,2015,1244.0,Pelham Parkway
1110,2015,1244.0,Morris Park
1111,2015,1244.0,Laconia
1112,2016,1291.0,Pelham Parkway
1113,2016,1291.0,Morris Park
1114,2016,1291.0,Laconia
1115,2017,1261.0,Pelham Parkway
1116,2017,1261.0,Morris Park
1117,2017,1261.0,Laconia
1118,2018,1220.0,Pelham Parkway
1119,2018,1220.0,Morris Park
1120,2018,1220.0,Laconia
1121,2000,1746.0,Riverdale
1122,2000,1746.0,Kingsbridge
1123,2000,1746.0,Marble Hill
1124,2001,1465.0,Riverdale
1125,2001,1465.0,Kingsbridge
1126,2001,1465.0,Marble Hill
1127,2002,1356.0,Riverdale
1128,2002,1356.0,Kingsbridge
1129,2002,1356.0,Marble Hill
1130,2003,1293.0,Riverdale
1131,2003,1293.0,Kingsbridge
1132,2003,1293.0,Marble Hill
1133,2004,1239.0,Riverdale
1134,2004,1239.0,Kingsbridge
1135,2004,1239.0,Marble Hill
1136,2005,1219.0,Riverdale
1137,2005,1219.0,Kingsbridge
1138,2005,1219.0,Marble Hill
1139,2006,1125.0,Riverdale
1140,2006,1125.0,Kingsbridge
1141,2006,1125.0,Marble Hill
1142,2007,1103.0,Riverdale
1143,2007,1103.0,Kingsbridge
1144,2007,1103.0,Marble Hill
1145,2008,1085.0,Riverdale
1146,2008,1085.0,Kingsbridge
1147,2008,1085.0,Marble Hill
1148,2009,1013.0,Riverdale
1149,2009,1013.0,Kingsbridge
1150,2009,1013.0,Marble Hill
1151,2010,962.0,Riverdale
1152,2010,962.0,Kingsbridge
1153,2010,962.0,Marble Hill
1154,2011,1020.0,Riverdale
1155,2011,1020.0,Kingsbridge
1156,2011,1020.0,Marble Hill
1157,2012,995.0,Riverdale
1158,2012,995.0,Kingsbridge
1159,2012,995.0,Marble Hill
1160,2013,959.0,Riverdale
1161,2013,959.0,Kingsbridge
1162,2013,959.0,Marble Hill
1163,2014,973.0,Riverdale
1164,2014,973.0,Kingsbridge
1165,2014,973.0,Marble Hill
1166,2015,951.0,Riverdale
1167,2015,951.0,Kingsbridge
1168,2015,951.0,Marble Hill
1169,2016,976.0,Riverdale
1170,2016,976.0,Kingsbridge
1171,2016,976.0,Marble Hill
1172,2017,971.0,Riverdale
1173,2017,971.0,Kingsbridge
1174,2017,971.0,Marble Hill
1175,2018,939.0,Riverdale
1176,2018,939.0,Kingsbridge
1177,2018,939.0,Marble Hill
1178,2000,3659.0,Bedford Park
1179,2000,3659.0,Norwood
1180,2000,3659.0,Fordham
1181,2001,3121.0,Bedford Park
1182,2001,3121.0,Norwood
1183,2001,3121.0,Fordham
1184,2002,3062.0,Bedford Park
1185,2002,3062.0,Norwood
1186,2002,3062.0,Fordham
1187,2003,2877.0,Bedford Park
1188,2003,2877.0,Norwood
1189,2003,2877.0,Fordham
1190,2004,2906.0,Bedford Park
1191,2004,2906.0,Norwood
1192,2004,2906.0,Fordham
1193,2005,2697.0,Bedford Park
1194,2005,2697.0,Norwood
1195,2005,2697.0,Fordham
1196,2006,2438.0,Bedford Park
1197,2006,2438.0,Norwood
1198,2006,2438.0,Fordham
1199,2007,2425.0,Bedford Park
1200,2007,2425.0,Norwood
1201,2007,2425.0,Fordham
1202,2008,2365.0,Bedford Park
1203,2008,2365.0,Norwood
1204,2008,2365.0,Fordham
1205,2009,2219.0,Bedford Park
1206,2009,2219.0,Norwood
1207,2009,2219.0,Fordham
1208,2010,2181.0,Bedford Park
1209,2010,2181.0,Norwood
1210,2010,2181.0,Fordham
1211,2011,2174.0,Bedford Park
1212,2011,2174.0,Norwood
1213,2011,2174.0,Fordham
1214,2012,2162.0,Bedford Park
1215,2012,2162.0,Norwood
1216,2012,2162.0,Fordham
1217,2013,2206.0,Bedford Park
1218,2013,2206.0,Norwood
1219,2013,2206.0,Fordham
1220,2014,2194.0,Bedford Park
1221,2014,2194.0,Norwood
1222,2014,2194.0,Fordham
1223,2015,2109.0,Bedford Park
1224,2015,2109.0,Norwood
1225,2015,2109.0,Fordham
1226,2016,2095.0,Bedford Park
1227,2016,2095.0,Norwood
1228,2016,2095.0,Fordham
1229,2017,1794.0,Bedford Park
1230,2017,1794.0,Norwood
1231,2017,1794.0,Fordham
1232,2018,1917.0,Bedford Park
1233,2018,1917.0,Norwood
1234,2018,1917.0,Fordham
1235,2000,2383.0,Coney Island
1236,2000,2383.0,Brighton Beach
1237,2001,1811.0,Coney Island
1238,2001,1811.0,Brighton Beach
1239,2002,1831.0,Coney Island
1240,2002,1831.0,Brighton Beach
1241,2003,1710.0,Coney Island
1242,2003,1710.0,Brighton Beach
1243,2004,1508.0,Coney Island
1244,2004,1508.0,Brighton Beach
1245,2005,1686.0,Coney Island
1246,2005,1686.0,Brighton Beach
1247,2006,1624.0,Coney Island
1248,2006,1624.0,Brighton Beach
1249,2007,1492.0,Coney Island
1250,2007,1492.0,Brighton Beach
1251,2008,1453.0,Coney Island
1252,2008,1453.0,Brighton Beach
1253,2009,1250.0,Coney Island
1254,2009,1250.0,Brighton Beach
1255,2010,1323.0,Coney Island
1256,2010,1323.0,Brighton Beach
1257,2011,1322.0,Coney Island
1258,2011,1322.0,Brighton Beach
1259,2012,1435.0,Coney Island
1260,2012,1435.0,Brighton Beach
1261,2013,1421.0,Coney Island
1262,2013,1421.0,Brighton Beach
1263,2014,1465.0,Coney Island
1264,2014,1465.0,Brighton Beach
1265,2015,1404.0,Coney Island
1266,2015,1404.0,Brighton Beach
1267,2016,949.0,Coney Island
1268,2016,949.0,Brighton Beach
1269,2017,893.0,Coney Island
1270,2017,893.0,Brighton Beach
1271,2018,947.0,Coney Island
1272,2018,947.0,Brighton Beach
1273,2000,3585.0,Sheepshead Bay
1274,2000,3585.0,Gerri.en Beach
1275,2001,2514.0,Sheepshead Bay
1276,2001,2514.0,Gerri.en Beach
1277,2002,2530.0,Sheepshead Bay
1278,2002,2530.0,Gerri.en Beach
1279,2003,2509.0,Sheepshead Bay
1280,2003,2509.0,Gerri.en Beach
1281,2004,2350.0,Sheepshead Bay
1282,2004,2350.0,Gerri.en Beach
1283,2005,2154.0,Sheepshead Bay
1284,2005,2154.0,Gerri.en Beach
1285,2006,1802.0,Sheepshead Bay
1286,2006,1802.0,Gerri.en Beach
1287,2007,1618.0,Sheepshead Bay
1288,2007,1618.0,Gerri.en Beach
1289,2008,1752.0,Sheepshead Bay
1290,2008,1752.0,Gerri.en Beach
1291,2009,1302.0,Sheepshead Bay
1292,2009,1302.0,Gerri.en Beach
1293,2010,1107.0,Sheepshead Bay
1294,2010,1107.0,Gerri.en Beach
1295,2011,1202.0,Sheepshead Bay
1296,2011,1202.0,Gerri.en Beach
1297,2012,1668.0,Sheepshead Bay
1298,2012,1668.0,Gerri.en Beach
1299,2013,1666.0,Sheepshead Bay
1300,2013,1666.0,Gerri.en Beach
1301,2014,1698.0,Sheepshead Bay
1302,2014,1698.0,Gerri.en Beach
1303,2015,1493.0,Sheepshead Bay
1304,2015,1493.0,Gerri.en Beach
1305,2016,1174.0,Sheepshead Bay
1306,2016,1174.0,Gerri.en Beach
1307,2017,1268.0,Sheepshead Bay
1308,2017,1268.0,Gerri.en Beach
1309,2018,1163.0,Sheepshead Bay
1310,2018,1163.0,Gerri.en Beach
1311,2000,2517.0,Bensonhurst
1312,2000,2517.0,Bath Beach
1313,2001,2111.0,Bensonhurst
1314,2001,2111.0,Bath Beach
1315,2002,2099.0,Bensonhurst
1316,2002,2099.0,Bath Beach
1317,2003,1976.0,Bensonhurst
1318,2003,1976.0,Bath Beach
1319,2004,1957.0,Bensonhurst
1320,2004,1957.0,Bath Beach
1321,2005,1985.0,Bensonhurst
1322,2005,1985.0,Bath Beach
1323,2006,1798.0,Bensonhurst
1324,2006,1798.0,Bath Beach
1325,2007,1583.0,Bensonhurst
1326,2007,1583.0,Bath Beach
1327,2008,1474.0,Bensonhurst
1328,2008,1474.0,Bath Beach
1329,2009,1332.0,Bensonhurst
1330,2009,1332.0,Bath Beach
1331,2010,1249.0,Bensonhurst
1332,2010,1249.0,Bath Beach
1333,2011,1212.0,Bensonhurst
1334,2011,1212.0,Bath Beach
1335,2012,1298.0,Bensonhurst
1336,2012,1298.0,Bath Beach
1337,2013,1405.0,Bensonhurst
1338,2013,1405.0,Bath Beach
1339,2014,1286.0,Bensonhurst
1340,2014,1286.0,Bath Beach
1341,2015,1242.0,Bensonhurst
1342,2015,1242.0,Bath Beach
1343,2016,1124.0,Bensonhurst
1344,2016,1124.0,Bath Beach
1345,2017,1129.0,Bensonhurst
1346,2017,1129.0,Bath Beach
1347,2018,1017.0,Bensonhurst
1348,2018,1017.0,Bath Beach
1349,2000,2193.0,Canarsie
1350,2000,2193.0,flatlands
1351,2001,1743.0,Canarsie
1352,2001,1743.0,flatlands
1353,2002,1701.0,Canarsie
1354,2002,1701.0,flatlands
1355,2003,1720.0,Canarsie
1356,2003,1720.0,flatlands
1357,2004,1634.0,Canarsie
1358,2004,1634.0,flatlands
1359,2005,1652.0,Canarsie
1360,2005,1652.0,flatlands
1361,2006,1645.0,Canarsie
1362,2006,1645.0,flatlands
1363,2007,1577.0,Canarsie
1364,2007,1577.0,flatlands
1365,2008,1589.0,Canarsie
1366,2008,1589.0,flatlands
1367,2009,1440.0,Canarsie
1368,2009,1440.0,flatlands
1369,2010,1335.0,Canarsie
1370,2010,1335.0,flatlands
1371,2011,1339.0,Canarsie
1372,2011,1339.0,flatlands
1373,2012,1389.0,Canarsie
1374,2012,1389.0,flatlands
1375,2013,1296.0,Canarsie
1376,2013,1296.0,flatlands
1377,2014,1211.0,Canarsie
1378,2014,1211.0,flatlands
1379,2015,1136.0,Canarsie
1380,2015,1136.0,flatlands
1381,2016,1034.0,Canarsie
1382,2016,1034.0,flatlands
1383,2017,978.0,Canarsie
1384,2017,978.0,flatlands
1385,2018,887.0,Canarsie
1386,2018,887.0,flatlands
1387,2000,2201.0,Borough Park
1388,2000,2201.0,Ocean Parkway
1389,2001,1873.0,Borough Park
1390,2001,1873.0,Ocean Parkway
1391,2002,1729.0,Borough Park
1392,2002,1729.0,Ocean Parkway
1393,2003,1636.0,Borough Park
1394,2003,1636.0,Ocean Parkway
1395,2004,1583.0,Borough Park
1396,2004,1583.0,Ocean Parkway
1397,2005,1570.0,Borough Park
1398,2005,1570.0,Ocean Parkway
1399,2006,1477.0,Borough Park
1400,2006,1477.0,Ocean Parkway
1401,2007,1422.0,Borough Park
1402,2007,1422.0,Ocean Parkway
1403,2008,1387.0,Borough Park
1404,2008,1387.0,Ocean Parkway
1405,2009,1363.0,Borough Park
1406,2009,1363.0,Ocean Parkway
1407,2010,1264.0,Borough Park
1408,2010,1264.0,Ocean Parkway
1409,2011,1273.0,Borough Park
1410,2011,1273.0,Ocean Parkway
1411,2012,1244.0,Borough Park
1412,2012,1244.0,Ocean Parkway
1413,2013,1191.0,Borough Park
1414,2013,1191.0,Ocean Parkway
1415,2014,1154.0,Borough Park
1416,2014,1154.0,Ocean Parkway
1417,2015,1137.0,Borough Park
1418,2015,1137.0,Ocean Parkway
1419,2016,1040.0,Borough Park
1420,2016,1040.0,Ocean Parkway
1421,2017,912.0,Borough Park
1422,2017,912.0,Ocean Parkway
1423,2018,974.0,Borough Park
1424,2018,974.0,Ocean Parkway
1425,2000,3986.0,East Flatbush
1426,2000,3986.0,Rugby
1427,2000,3986.0,Farragut
1428,2001,3655.0,East Flatbush
1429,2001,3655.0,Rugby
1430,2001,3655.0,Farragut
1431,2002,3344.0,East Flatbush
1432,2002,3344.0,Rugby
1433,2002,3344.0,Farragut
1434,2003,2935.0,East Flatbush
1435,2003,2935.0,Rugby
1436,2003,2935.0,Farragut
1437,2004,2782.0,East Flatbush
1438,2004,2782.0,Rugby
1439,2004,2782.0,Farragut
1440,2005,2736.0,East Flatbush
1441,2005,2736.0,Rugby
1442,2005,2736.0,Farragut
1443,2006,2619.0,East Flatbush
1444,2006,2619.0,Rugby
1445,2006,2619.0,Farragut
1446,2007,2362.0,East Flatbush
1447,2007,2362.0,Rugby
1448,2007,2362.0,Farragut
1449,2008,2310.0,East Flatbush
1450,2008,2310.0,Rugby
1451,2008,2310.0,Farragut
1452,2009,2128.0,East Flatbush
1453,2009,2128.0,Rugby
1454,2009,2128.0,Farragut
1455,2010,2120.0,East Flatbush
1456,2010,2120.0,Rugby
1457,2010,2120.0,Farragut
1458,2011,2455.0,East Flatbush
1459,2011,2455.0,Rugby
1460,2011,2455.0,Farragut
1461,2012,2440.0,East Flatbush
1462,2012,2440.0,Rugby
1463,2012,2440.0,Farragut
1464,2013,2383.0,East Flatbush
1465,2013,2383.0,Rugby
1466,2013,2383.0,Farragut
1467,2014,2322.0,East Flatbush
1468,2014,2322.0,Rugby
1469,2014,2322.0,Farragut
1470,2015,2115.0,East Flatbush
1471,2015,2115.0,Rugby
1472,2015,2115.0,Farragut
1473,2016,2090.0,East Flatbush
1474,2016,2090.0,Rugby
1475,2016,2090.0,Farragut
1476,2017,2007.0,East Flatbush
1477,2017,2007.0,Rugby
1478,2017,2007.0,Farragut
1479,2018,1805.0,East Flatbush
1480,2018,1805.0,Rugby
1481,2018,1805.0,Farragut
1482,2000,1801.0,Bay Ridge
1483,2000,1801.0,Dyker Heights
1484,2001,1687.0,Bay Ridge
1485,2001,1687.0,Dyker Heights
1486,2002,1670.0,Bay Ridge
1487,2002,1670.0,Dyker Heights
1488,2003,1571.0,Bay Ridge
1489,2003,1571.0,Dyker Heights
1490,2004,1488.0,Bay Ridge
1491,2004,1488.0,Dyker Heights
1492,2005,1459.0,Bay Ridge
1493,2005,1459.0,Dyker Heights
1494,2006,1436.0,Bay Ridge
1495,2006,1436.0,Dyker Heights
1496,2007,1215.0,Bay Ridge
1497,2007,1215.0,Dyker Heights
1498,2008,1174.0,Bay Ridge
1499,2008,1174.0,Dyker Heights
1500,2009,986.0,Bay Ridge
1501,2009,986.0,Dyker Heights
1502,2010,914.0,Bay Ridge
1503,2010,914.0,Dyker Heights
1504,2011,950.0,Bay Ridge
1505,2011,950.0,Dyker Heights
1506,2012,945.0,Bay Ridge
1507,2012,945.0,Dyker Heights
1508,2013,947.0,Bay Ridge
1509,2013,947.0,Dyker Heights
1510,2014,945.0,Bay Ridge
1511,2014,945.0,Dyker Heights
1512,2015,958.0,Bay Ridge
1513,2015,958.0,Dyker Heights
1514,2016,867.0,Bay Ridge
1515,2016,867.0,Dyker Heights
1516,2017,852.0,Bay Ridge
1517,2017,852.0,Dyker Heights
1518,2018,775.0,Bay Ridge
1519,2018,775.0,Dyker Heights
1520,2000,2251.0,Canarsie. flatlands
1521,2001,1745.0,Canarsie. flatlands
1522,2002,1708.0,Canarsie. flatlands
1523,2003,1749.0,Canarsie. flatlands
1524,2004,1557.0,Canarsie. flatlands
1525,2005,1475.0,Canarsie. flatlands
1526,2006,1415.0,Canarsie. flatlands
1527,2007,1159.0,Canarsie. flatlands
1528,2008,1193.0,Canarsie. flatlands
1529,2009,1083.0,Canarsie. flatlands
1530,2010,1023.0,Canarsie. flatlands
1531,2011,1083.0,Canarsie. flatlands
1532,2012,1137.0,Canarsie. flatlands
1533,2013,1186.0,Canarsie. flatlands
1534,2014,1153.0,Canarsie. flatlands
1535,2015,1057.0,Canarsie. flatlands
1536,2016,961.0,Canarsie. flatlands
1537,2017,854.0,Canarsie. flatlands
1538,2018,769.0,Canarsie. flatlands
1539,2000,4425.0,Flatbush
1540,2000,4425.0,Midwood
1541,2001,3689.0,Flatbush
1542,2001,3689.0,Midwood
1543,2002,3590.0,Flatbush
1544,2002,3590.0,Midwood
1545,2003,3466.0,Flatbush
1546,2003,3466.0,Midwood
1547,2004,3225.0,Flatbush
1548,2004,3225.0,Midwood
1549,2005,2985.0,Flatbush
1550,2005,2985.0,Midwood
1551,2006,2760.0,Flatbush
1552,2006,2760.0,Midwood
1553,2007,2466.0,Flatbush
1554,2007,2466.0,Midwood
1555,2008,2375.0,Flatbush
1556,2008,2375.0,Midwood
1557,2009,2077.0,Flatbush
1558,2009,2077.0,Midwood
1559,2010,1971.0,Flatbush
1560,2010,1971.0,Midwood
1561,2011,1912.0,Flatbush
1562,2011,1912.0,Midwood
1563,2012,1889.0,Flatbush
1564,2012,1889.0,Midwood
1565,2013,1832.0,Flatbush
1566,2013,1832.0,Midwood
1567,2014,1725.0,Flatbush
1568,2014,1725.0,Midwood
1569,2015,1674.0,Flatbush
1570,2015,1674.0,Midwood
1571,2016,1437.0,Flatbush
1572,2016,1437.0,Midwood
1573,2017,1288.0,Flatbush
1574,2017,1288.0,Midwood
1575,2018,1243.0,Flatbush
1576,2018,1243.0,Midwood
1577,2000,3041.0,Crown Heights South
1578,2000,3041.0,Wingate
1579,2001,2599.0,Crown Heights South
1580,2001,2599.0,Wingate
1581,2002,2421.0,Crown Heights South
1582,2002,2421.0,Wingate
1583,2003,2223.0,Crown Heights South
1584,2003,2223.0,Wingate
1585,2004,2025.0,Crown Heights South
1586,2004,2025.0,Wingate
1587,2005,2015.0,Crown Heights South
1588,2005,2015.0,Wingate
1589,2006,1863.0,Crown Heights South
1590,2006,1863.0,Wingate
1591,2007,1729.0,Crown Heights South
1592,2007,1729.0,Wingate
1593,2008,1654.0,Crown Heights South
1594,2008,1654.0,Wingate
1595,2009,1474.0,Crown Heights South
1596,2009,1474.0,Wingate
1597,2010,1469.0,Crown Heights South
1598,2010,1469.0,Wingate
1599,2011,1452.0,Crown Heights South
1600,2011,1452.0,Wingate
1601,2012,1642.0,Crown Heights South
1602,2012,1642.0,Wingate
1603,2013,1637.0,Crown Heights South
1604,2013,1637.0,Wingate
1605,2014,1500.0,Crown Heights South
1606,2014,1500.0,Wingate
1607,2015,1497.0,Crown Heights South
1608,2015,1497.0,Wingate
1609,2016,1338.0,Crown Heights South
1610,2016,1338.0,Wingate
1611,2017,1270.0,Crown Heights South
1612,2017,1270.0,Wingate
1613,2018,1224.0,Crown Heights South
1614,2018,1224.0,Wingate
1615,2000,2157.0,Sunset Park
1616,2000,2157.0,Windsor Terrace
1617,2001,1976.0,Sunset Park
1618,2001,1976.0,Windsor Terrace
1619,2002,1804.0,Sunset Park
1620,2002,1804.0,Windsor Terrace
1621,2003,1948.0,Sunset Park
1622,2003,1948.0,Windsor Terrace
1623,2004,1768.0,Sunset Park
1624,2004,1768.0,Windsor Terrace
1625,2005,1671.0,Sunset Park
1626,2005,1671.0,Windsor Terrace
1627,2006,1489.0,Sunset Park
1628,2006,1489.0,Windsor Terrace
1629,2007,1314.0,Sunset Park
1630,2007,1314.0,Windsor Terrace
1631,2008,1313.0,Sunset Park
1632,2008,1313.0,Windsor Terrace
1633,2009,1172.0,Sunset Park
1634,2009,1172.0,Windsor Terrace
1635,2010,1202.0,Sunset Park
1636,2010,1202.0,Windsor Terrace
1637,2011,1218.0,Sunset Park
1638,2011,1218.0,Windsor Terrace
1639,2012,1152.0,Sunset Park
1640,2012,1152.0,Windsor Terrace
1641,2013,1206.0,Sunset Park
1642,2013,1206.0,Windsor Terrace
1643,2014,1185.0,Sunset Park
1644,2014,1185.0,Windsor Terrace
1645,2015,1166.0,Sunset Park
1646,2015,1166.0,Windsor Terrace
1647,2016,1139.0,Sunset Park
1648,2016,1139.0,Windsor Terrace
1649,2017,1090.0,Sunset Park
1650,2017,1090.0,Windsor Terrace
1651,2018,1126.0,Sunset Park
1652,2018,1126.0,Windsor Terrace
1653,2000,2714.0,Brownsville
1654,2000,2714.0,Ocean Hill
1655,2001,2616.0,Brownsville
1656,2001,2616.0,Ocean Hill
1657,2002,2459.0,Brownsville
1658,2002,2459.0,Ocean Hill
1659,2003,2280.0,Brownsville
1660,2003,2280.0,Ocean Hill
1661,2004,2213.0,Brownsville
1662,2004,2213.0,Ocean Hill
1663,2005,2174.0,Brownsville
1664,2005,2174.0,Ocean Hill
1665,2006,2149.0,Brownsville
1666,2006,2149.0,Ocean Hill
1667,2007,2127.0,Brownsville
1668,2007,2127.0,Ocean Hill
1669,2008,2154.0,Brownsville
1670,2008,2154.0,Ocean Hill
1671,2009,2011.0,Brownsville
1672,2009,2011.0,Ocean Hill
1673,2010,2009.0,Brownsville
1674,2010,2009.0,Ocean Hill
1675,2011,2135.0,Brownsville
1676,2011,2135.0,Ocean Hill
1677,2012,2249.0,Brownsville
1678,2012,2249.0,Ocean Hill
1679,2013,2094.0,Brownsville
1680,2013,2094.0,Ocean Hill
1681,2014,1879.0,Brownsville
1682,2014,1879.0,Ocean Hill
1683,2015,1735.0,Brownsville
1684,2015,1735.0,Ocean Hill
1685,2016,1603.0,Brownsville
1686,2016,1603.0,Ocean Hill
1687,2017,1610.0,Brownsville
1688,2017,1610.0,Ocean Hill
1689,2018,1686.0,Brownsville
1690,2018,1686.0,Ocean Hill
1691,2000,4775.0,East New York
1692,2000,4775.0,Starrett City
1693,2001,4512.0,East New York
1694,2001,4512.0,Starrett City
1695,2002,4100.0,East New York
1696,2002,4100.0,Starrett City
1697,2003,4048.0,East New York
1698,2003,4048.0,Starrett City
1699,2004,3957.0,East New York
1700,2004,3957.0,Starrett City
1701,2005,3514.0,East New York
1702,2005,3514.0,Starrett City
1703,2006,3319.0,East New York
1704,2006,3319.0,Starrett City
1705,2007,3262.0,East New York
1706,2007,3262.0,Starrett City
1707,2008,3239.0,East New York
1708,2008,3239.0,Starrett City
1709,2009,3044.0,East New York
1710,2009,3044.0,Starrett City
1711,2010,3103.0,East New York
1712,2010,3103.0,Starrett City
1713,2011,3393.0,East New York
1714,2011,3393.0,Starrett City
1715,2012,3780.0,East New York
1716,2012,3780.0,Starrett City
1717,2013,3902.0,East New York
1718,2013,3902.0,Starrett City
1719,2014,3751.0,East New York
1720,2014,3751.0,Starrett City
1721,2015,3506.0,East New York
1722,2015,3506.0,Starrett City
1723,2016,3287.0,East New York
1724,2016,3287.0,Starrett City
1725,2017,3231.0,East New York
1726,2017,3231.0,Starrett City
1727,2018,3298.0,East New York
1728,2018,3298.0,Starrett City
1729,2000,878.0,Park Slope
1730,2000,878.0,Carroll Gardens
1731,2001,748.0,Park Slope
1732,2001,748.0,Carroll Gardens
1733,2002,718.0,Park Slope
1734,2002,718.0,Carroll Gardens
1735,2003,717.0,Park Slope
1736,2003,717.0,Carroll Gardens
1737,2004,784.0,Park Slope
1738,2004,784.0,Carroll Gardens
1739,2005,777.0,Park Slope
1740,2005,777.0,Carroll Gardens
1741,2006,666.0,Park Slope
1742,2006,666.0,Carroll Gardens
1743,2007,570.0,Park Slope
1744,2007,570.0,Carroll Gardens
1745,2008,589.0,Park Slope
1746,2008,589.0,Carroll Gardens
1747,2009,558.0,Park Slope
1748,2009,558.0,Carroll Gardens
1749,2010,585.0,Park Slope
1750,2010,585.0,Carroll Gardens
1751,2011,631.0,Park Slope
1752,2011,631.0,Carroll Gardens
1753,2012,630.0,Park Slope
1754,2012,630.0,Carroll Gardens
1755,2013,637.0,Park Slope
1756,2013,637.0,Carroll Gardens
1757,2014,632.0,Park Slope
1758,2014,632.0,Carroll Gardens
1759,2015,628.0,Park Slope
1760,2015,628.0,Carroll Gardens
1761,2016,480.0,Park Slope
1762,2016,480.0,Carroll Gardens
1763,2017,476.0,Park Slope
1764,2017,476.0,Carroll Gardens
1765,2018,460.0,Park Slope
1766,2018,460.0,Carroll Gardens
1767,2000,2531.0,Crown Heights North
1768,2001,2387.0,Crown Heights North
1769,2002,2212.0,Crown Heights North
1770,2003,2060.0,Crown Heights North
1771,2004,1853.0,Crown Heights North
1772,2005,1649.0,Crown Heights North
1773,2006,1499.0,Crown Heights North
1774,2007,1602.0,Crown Heights North
1775,2008,1347.0,Crown Heights North
1776,2009,1164.0,Crown Heights North
1777,2010,1366.0,Crown Heights North
1778,2011,1599.0,Crown Heights North
1779,2012,1601.0,Crown Heights North
1780,2013,1792.0,Crown Heights North
1781,2014,1664.0,Crown Heights North
1782,2015,1495.0,Crown Heights North
1783,2016,1393.0,Crown Heights North
1784,2017,1153.0,Crown Heights North
1785,2018,1138.0,Crown Heights North
1786,2000,1721.0,Park Slope
1787,2000,1721.0,Carroll Gardens
1788,2001,1312.0,Park Slope
1789,2001,1312.0,Carroll Gardens
1790,2002,1259.0,Park Slope
1791,2002,1259.0,Carroll Gardens
1792,2003,1192.0,Park Slope
1793,2003,1192.0,Carroll Gardens
1794,2004,1173.0,Park Slope
1795,2004,1173.0,Carroll Gardens
1796,2005,1131.0,Park Slope
1797,2005,1131.0,Carroll Gardens
1798,2006,1085.0,Park Slope
1799,2006,1085.0,Carroll Gardens
1800,2007,973.0,Park Slope
1801,2007,973.0,Carroll Gardens
1802,2008,965.0,Park Slope
1803,2008,965.0,Carroll Gardens
1804,2009,888.0,Park Slope
1805,2009,888.0,Carroll Gardens
1806,2010,845.0,Park Slope
1807,2010,845.0,Carroll Gardens
1808,2011,863.0,Park Slope
1809,2011,863.0,Carroll Gardens
1810,2012,928.0,Park Slope
1811,2012,928.0,Carroll Gardens
1812,2013,1009.0,Park Slope
1813,2013,1009.0,Carroll Gardens
1814,2014,956.0,Park Slope
1815,2014,956.0,Carroll Gardens
1816,2015,970.0,Park Slope
1817,2015,970.0,Carroll Gardens
1818,2016,928.0,Park Slope
1819,2016,928.0,Carroll Gardens
1820,2017,859.0,Park Slope
1821,2017,859.0,Carroll Gardens
1822,2018,864.0,Park Slope
1823,2018,864.0,Carroll Gardens
1824,2000,2477.0,Bedford Stuyvesant
1825,2001,2438.0,Bedford Stuyvesant
1826,2002,2228.0,Bedford Stuyvesant
1827,2003,2193.0,Bedford Stuyvesant
1828,2004,2168.0,Bedford Stuyvesant
1829,2005,2117.0,Bedford Stuyvesant
1830,2006,1996.0,Bedford Stuyvesant
1831,2007,2131.0,Bedford Stuyvesant
1832,2008,2040.0,Bedford Stuyvesant
1833,2009,1769.0,Bedford Stuyvesant
1834,2010,1829.0,Bedford Stuyvesant
1835,2011,1847.0,Bedford Stuyvesant
1836,2012,1916.0,Bedford Stuyvesant
1837,2013,1738.0,Bedford Stuyvesant
1838,2014,1668.0,Bedford Stuyvesant
1839,2015,1541.0,Bedford Stuyvesant
1840,2016,1624.0,Bedford Stuyvesant
1841,2017,1530.0,Bedford Stuyvesant
1842,2018,1545.0,Bedford Stuyvesant
1843,2000,1809.0,Bedford Stuyvesant
1844,2001,1713.0,Bedford Stuyvesant
1845,2002,1672.0,Bedford Stuyvesant
1846,2003,1598.0,Bedford Stuyvesant
1847,2004,1549.0,Bedford Stuyvesant
1848,2005,1508.0,Bedford Stuyvesant
1849,2006,1566.0,Bedford Stuyvesant
1850,2007,1539.0,Bedford Stuyvesant
1851,2008,1396.0,Bedford Stuyvesant
1852,2009,1286.0,Bedford Stuyvesant
1853,2010,1409.0,Bedford Stuyvesant
1854,2011,1458.0,Bedford Stuyvesant
1855,2012,1571.0,Bedford Stuyvesant
1856,2013,1495.0,Bedford Stuyvesant
1857,2014,1551.0,Bedford Stuyvesant
1858,2015,1425.0,Bedford Stuyvesant
1859,2016,1256.0,Bedford Stuyvesant
1860,2017,1155.0,Bedford Stuyvesant
1861,2018,1198.0,Bedford Stuyvesant
1862,2000,2553.0,Bushwick
1863,2001,2308.0,Bushwick
1864,2002,2260.0,Bushwick
1865,2003,2192.0,Bushwick
1866,2004,2109.0,Bushwick
1867,2005,2049.0,Bushwick
1868,2006,2072.0,Bushwick
1869,2007,1888.0,Bushwick
1870,2008,1878.0,Bushwick
1871,2009,1736.0,Bushwick
1872,2010,1836.0,Bushwick
1873,2011,1823.0,Bushwick
1874,2012,2035.0,Bushwick
1875,2013,1903.0,Bushwick
1876,2014,1796.0,Bushwick
1877,2015,1678.0,Bushwick
1878,2016,1606.0,Bushwick
1879,2017,1520.0,Bushwick
1880,2018,1460.0,Bushwick
1881,2000,1813.0,Brooklyn Heights
1882,2000,1813.0,Fort Greene
1883,2000,1813.0,Fort Greene
1884,2001,1726.0,Brooklyn Heights
1885,2001,1726.0,Fort Greene
1886,2001,1726.0,Fort Greene
1887,2002,1667.0,Brooklyn Heights
1888,2002,1667.0,Fort Greene
1889,2002,1667.0,Fort Greene
1890,2003,1446.0,Brooklyn Heights
1891,2003,1446.0,Fort Greene
1892,2003,1446.0,Fort Greene
1893,2004,1366.0,Brooklyn Heights
1894,2004,1366.0,Fort Greene
1895,2004,1366.0,Fort Greene
1896,2005,1370.0,Brooklyn Heights
1897,2005,1370.0,Fort Greene
1898,2005,1370.0,Fort Greene
1899,2006,1283.0,Brooklyn Heights
1900,2006,1283.0,Fort Greene
1901,2006,1283.0,Fort Greene
1902,2007,1260.0,Brooklyn Heights
1903,2007,1260.0,Fort Greene
1904,2007,1260.0,Fort Greene
1905,2008,1199.0,Brooklyn Heights
1906,2008,1199.0,Fort Greene
1907,2008,1199.0,Fort Greene
1908,2009,993.0,Brooklyn Heights
1909,2009,993.0,Fort Greene
1910,2009,993.0,Fort Greene
1911,2010,987.0,Brooklyn Heights
1912,2010,987.0,Fort Greene
1913,2010,987.0,Fort Greene
1914,2011,1052.0,Brooklyn Heights
1915,2011,1052.0,Fort Greene
1916,2011,1052.0,Fort Greene
1917,2012,1038.0,Brooklyn Heights
1918,2012,1038.0,Fort Greene
1919,2012,1038.0,Fort Greene
1920,2013,1074.0,Brooklyn Heights
1921,2013,1074.0,Fort Greene
1922,2013,1074.0,Fort Greene
1923,2014,1038.0,Brooklyn Heights
1924,2014,1038.0,Fort Greene
1925,2014,1038.0,Fort Greene
1926,2015,1094.0,Brooklyn Heights
1927,2015,1094.0,Fort Greene
1928,2015,1094.0,Fort Greene
1929,2016,962.0,Brooklyn Heights
1930,2016,962.0,Fort Greene
1931,2016,962.0,Fort Greene
1932,2017,1079.0,Brooklyn Heights
1933,2017,1079.0,Fort Greene
1934,2017,1079.0,Fort Greene
1935,2018,1151.0,Brooklyn Heights
1936,2018,1151.0,Fort Greene
1937,2018,1151.0,Fort Greene
1938,2000,1658.0,Fort Greene
1939,2001,1550.0,Fort Greene
1940,2002,1478.0,Fort Greene
1941,2003,1389.0,Fort Greene
1942,2004,1350.0,Fort Greene
1943,2005,1304.0,Fort Greene
1944,2006,1198.0,Fort Greene
1945,2007,1144.0,Fort Greene
1946,2008,1120.0,Fort Greene
1947,2009,1014.0,Fort Greene
1948,2010,1146.0,Fort Greene
1949,2011,1114.0,Fort Greene
1950,2012,1236.0,Fort Greene
1951,2013,1093.0,Fort Greene
1952,2014,1061.0,Fort Greene
1953,2015,927.0,Fort Greene
1954,2016,860.0,Fort Greene
1955,2017,773.0,Fort Greene
1956,2018,845.0,Fort Greene
1957,2000,2066.0,East Williamsburg
1958,2001,2035.0,East Williamsburg
1959,2002,2111.0,East Williamsburg
1960,2003,2032.0,East Williamsburg
1961,2004,1965.0,East Williamsburg
1962,2005,1953.0,East Williamsburg
1963,2006,2025.0,East Williamsburg
1964,2007,1726.0,East Williamsburg
1965,2008,1892.0,East Williamsburg
1966,2009,1670.0,East Williamsburg
1967,2010,1733.0,East Williamsburg
1968,2011,1734.0,East Williamsburg
1969,2012,1716.0,East Williamsburg
1970,2013,1669.0,East Williamsburg
1971,2014,1655.0,East Williamsburg
1972,2015,1652.0,East Williamsburg
1973,2016,1558.0,East Williamsburg
1974,2017,1572.0,East Williamsburg
1975,2018,1494.0,East Williamsburg
1976,2000,1004.0,Greenpoint
1977,2001,986.0,Greenpoint
1978,2002,995.0,Greenpoint
1979,2003,1028.0,Greenpoint
1980,2004,990.0,Greenpoint
1981,2005,997.0,Greenpoint
1982,2006,952.0,Greenpoint
1983,2007,915.0,Greenpoint
1984,2008,905.0,Greenpoint
1985,2009,845.0,Greenpoint
1986,2010,905.0,Greenpoint
1987,2011,813.0,Greenpoint
1988,2012,950.0,Greenpoint
1989,2013,1043.0,Greenpoint
1990,2014,1033.0,Greenpoint
1991,2015,1012.0,Greenpoint
1992,2016,957.0,Greenpoint
1993,2017,801.0,Greenpoint
1994,2018,923.0,Greenpoint
1995,2000,525.0,Rockaway Beach
1996,2001,448.0,Rockaway Beach
1997,2002,411.0,Rockaway Beach
1998,2003,350.0,Rockaway Beach
1999,2004,347.0,Rockaway Beach
2000,2005,372.0,Rockaway Beach
2001,2006,355.0,Rockaway Beach
2002,2007,367.0,Rockaway Beach
2003,2008,393.0,Rockaway Beach
2004,2009,350.0,Rockaway Beach
2005,2010,330.0,Rockaway Beach
2006,2011,525.0,Rockaway Beach
2007,2012,615.0,Rockaway Beach
2008,2013,558.0,Rockaway Beach
2009,2014,555.0,Rockaway Beach
2010,2015,501.0,Rockaway Beach
2011,2016,496.0,Rockaway Beach
2012,2017,456.0,Rockaway Beach
2013,2018,403.0,Rockaway Beach
2014,2000,1418.0,Far Rockaway
2015,2001,1139.0,Far Rockaway
2016,2002,876.0,Far Rockaway
2017,2003,757.0,Far Rockaway
2018,2004,618.0,Far Rockaway
2019,2005,613.0,Far Rockaway
2020,2006,641.0,Far Rockaway
2021,2007,700.0,Far Rockaway
2022,2008,688.0,Far Rockaway
2023,2009,659.0,Far Rockaway
2024,2010,615.0,Far Rockaway
2025,2011,631.0,Far Rockaway
2026,2012,899.0,Far Rockaway
2027,2013,852.0,Far Rockaway
2028,2014,864.0,Far Rockaway
2029,2015,927.0,Far Rockaway
2030,2016,912.0,Far Rockaway
2031,2017,827.0,Far Rockaway
2032,2018,863.0,Far Rockaway
2033,2000,3077.0,Richmond Hill
2034,2001,2642.0,Richmond Hill
2035,2002,2467.0,Richmond Hill
2036,2003,2136.0,Richmond Hill
2037,2004,1903.0,Richmond Hill
2038,2005,1897.0,Richmond Hill
2039,2006,1853.0,Richmond Hill
2040,2007,1703.0,Richmond Hill
2041,2008,1708.0,Richmond Hill
2042,2009,1611.0,Richmond Hill
2043,2010,1534.0,Richmond Hill
2044,2011,1529.0,Richmond Hill
2045,2012,1612.0,Richmond Hill
2046,2013,1699.0,Richmond Hill
2047,2014,1537.0,Richmond Hill
2048,2015,1425.0,Richmond Hill
2049,2016,1178.0,Richmond Hill
2050,2017,926.0,Richmond Hill
2051,2018,799.0,Richmond Hill
2052,2000,2905.0,Jamaica
2053,2001,2585.0,Jamaica
2054,2002,2306.0,Jamaica
2055,2003,2100.0,Jamaica
2056,2004,2012.0,Jamaica
2057,2005,1980.0,Jamaica
2058,2006,1956.0,Jamaica
2059,2007,1900.0,Jamaica
2060,2008,1852.0,Jamaica
2061,2009,1761.0,Jamaica
2062,2010,1703.0,Jamaica
2063,2011,1702.0,Jamaica
2064,2012,1840.0,Jamaica
2065,2013,1811.0,Jamaica
2066,2014,1797.0,Jamaica
2067,2015,1727.0,Jamaica
2068,2016,1605.0,Jamaica
2069,2017,1533.0,Jamaica
2070,2018,1487.0,Jamaica
2071,2000,3057.0,Ridgewood
2072,2001,2854.0,Ridgewood
2073,2002,2707.0,Ridgewood
2074,2003,2513.0,Ridgewood
2075,2004,2263.0,Ridgewood
2076,2005,2008.0,Ridgewood
2077,2006,1980.0,Ridgewood
2078,2007,1713.0,Ridgewood
2079,2008,1737.0,Ridgewood
2080,2009,1725.0,Ridgewood
2081,2010,1751.0,Ridgewood
2082,2011,1722.0,Ridgewood
2083,2012,1680.0,Ridgewood
2084,2013,1607.0,Ridgewood
2085,2014,1510.0,Ridgewood
2086,2015,1355.0,Ridgewood
2087,2016,1413.0,Ridgewood
2088,2017,1287.0,Ridgewood
2089,2018,1195.0,Ridgewood
2090,2000,2955.0,Queens Village
2091,2001,2791.0,Queens Village
2092,2002,2630.0,Queens Village
2093,2003,2591.0,Queens Village
2094,2004,2336.0,Queens Village
2095,2005,2250.0,Queens Village
2096,2006,2222.0,Queens Village
2097,2007,2144.0,Queens Village
2098,2008,2007.0,Queens Village
2099,2009,1881.0,Queens Village
2100,2010,1860.0,Queens Village
2101,2011,2018.0,Queens Village
2102,2012,2030.0,Queens Village
2103,2013,1917.0,Queens Village
2104,2014,1743.0,Queens Village
2105,2015,1948.0,Queens Village
2106,2016,1747.0,Queens Village
2107,2017,1705.0,Queens Village
2108,2018,1654.0,Queens Village
2109,2000,2858.0,Ozone park
2110,2000,2858.0,Richmond Hill
2111,2001,2179.0,Ozone park
2112,2001,2179.0,Richmond Hill
2113,2002,1689.0,Ozone park
2114,2002,1689.0,Richmond Hill
2115,2003,1390.0,Ozone park
2116,2003,1390.0,Richmond Hill
2117,2004,1604.0,Ozone park
2118,2004,1604.0,Richmond Hill
2119,2005,1627.0,Ozone park
2120,2005,1627.0,Richmond Hill
2121,2006,1696.0,Ozone park
2122,2006,1696.0,Richmond Hill
2123,2007,1584.0,Ozone park
2124,2007,1584.0,Richmond Hill
2125,2008,1552.0,Ozone park
2126,2008,1552.0,Richmond Hill
2127,2009,1399.0,Ozone park
2128,2009,1399.0,Richmond Hill
2129,2010,1432.0,Ozone park
2130,2010,1432.0,Richmond Hill
2131,2011,1493.0,Ozone park
2132,2011,1493.0,Richmond Hill
2133,2012,1600.0,Ozone park
2134,2012,1600.0,Richmond Hill
2135,2013,1665.0,Ozone park
2136,2013,1665.0,Richmond Hill
2137,2014,1563.0,Ozone park
2138,2014,1563.0,Richmond Hill
2139,2015,1579.0,Ozone park
2140,2015,1579.0,Richmond Hill
2141,2016,1345.0,Ozone park
2142,2016,1345.0,Richmond Hill
2143,2017,1271.0,Ozone park
2144,2017,1271.0,Richmond Hill
2145,2018,1183.0,Ozone park
2146,2018,1183.0,Richmond Hill
2147,2000,2703.0,Flushing
2148,2001,2574.0,Flushing
2149,2002,2480.0,Flushing
2150,2003,2449.0,Flushing
2151,2004,2248.0,Flushing
2152,2005,2048.0,Flushing
2153,2006,1982.0,Flushing
2154,2007,1760.0,Flushing
2155,2008,1624.0,Flushing
2156,2009,1349.0,Flushing
2157,2010,1325.0,Flushing
2158,2011,1291.0,Flushing
2159,2012,1286.0,Flushing
2160,2013,1298.0,Flushing
2161,2014,1110.0,Flushing
2162,2015,1104.0,Flushing
2163,2016,1143.0,Flushing
2164,2017,1114.0,Flushing
2165,2018,1086.0,Flushing
2166,2000,2763.0,Long Island City
2167,2000,2763.0,Hunters Point
2168,2001,2318.0,Long Island City
2169,2001,2318.0,Hunters Point
2170,2002,2390.0,Long Island City
2171,2002,2390.0,Hunters Point
2172,2003,2224.0,Long Island City
2173,2003,2224.0,Hunters Point
2174,2004,2002.0,Long Island City
2175,2004,2002.0,Hunters Point
2176,2005,1695.0,Long Island City
2177,2005,1695.0,Hunters Point
2178,2006,1584.0,Long Island City
2179,2006,1584.0,Hunters Point
2180,2007,1443.0,Long Island City
2181,2007,1443.0,Hunters Point
2182,2008,1357.0,Long Island City
2183,2008,1357.0,Hunters Point
2184,2009,1218.0,Long Island City
2185,2009,1218.0,Hunters Point
2186,2010,1254.0,Long Island City
2187,2010,1254.0,Hunters Point
2188,2011,1267.0,Long Island City
2189,2011,1267.0,Hunters Point
2190,2012,1197.0,Long Island City
2191,2012,1197.0,Hunters Point
2192,2013,1332.0,Long Island City
2193,2013,1332.0,Hunters Point
2194,2014,1278.0,Long Island City
2195,2014,1278.0,Hunters Point
2196,2015,1105.0,Long Island City
2197,2015,1105.0,Hunters Point
2198,2016,1063.0,Long Island City
2199,2016,1063.0,Hunters Point
2200,2017,1003.0,Long Island City
2201,2017,1003.0,Hunters Point
2202,2018,925.0,Long Island City
2203,2018,925.0,Hunters Point
2204,2000,2822.0,Elmhurst
2205,2001,2619.0,Elmhurst
2206,2002,2673.0,Elmhurst
2207,2003,2477.0,Elmhurst
2208,2004,2390.0,Elmhurst
2209,2005,2331.0,Elmhurst
2210,2006,2160.0,Elmhurst
2211,2007,2007.0,Elmhurst
2212,2008,1961.0,Elmhurst
2213,2009,1701.0,Elmhurst
2214,2010,1637.0,Elmhurst
2215,2011,1613.0,Elmhurst
2216,2012,1773.0,Elmhurst
2217,2013,1747.0,Elmhurst
2218,2014,1613.0,Elmhurst
2219,2015,1502.0,Elmhurst
2220,2016,1577.0,Elmhurst
2221,2017,1407.0,Elmhurst
2222,2018,1540.0,Elmhurst
2223,2000,1614.0,Bayside
2224,2001,1540.0,Bayside
2225,2002,1507.0,Bayside
2226,2003,1515.0,Bayside
2227,2004,1366.0,Bayside
2228,2005,1176.0,Bayside
2229,2006,1196.0,Bayside
2230,2007,1005.0,Bayside
2231,2008,1033.0,Bayside
2232,2009,938.0,Bayside
2233,2010,891.0,Bayside
2234,2011,830.0,Bayside
2235,2012,879.0,Bayside
2236,2013,909.0,Bayside
2237,2014,881.0,Bayside
2238,2015,797.0,Bayside
2239,2016,853.0,Bayside
2240,2017,743.0,Bayside
2241,2018,677.0,Bayside
2242,2000,2042.0,Forest Hills
2243,2001,1971.0,Forest Hills
2244,2002,1829.0,Forest Hills
2245,2003,1465.0,Forest Hills
2246,2004,1675.0,Forest Hills
2247,2005,1573.0,Forest Hills
2248,2006,1395.0,Forest Hills
2249,2007,1182.0,Forest Hills
2250,2008,1066.0,Forest Hills
2251,2009,871.0,Forest Hills
2252,2010,795.0,Forest Hills
2253,2011,925.0,Forest Hills
2254,2012,911.0,Forest Hills
2255,2013,843.0,Forest Hills
2256,2014,752.0,Forest Hills
2257,2015,661.0,Forest Hills
2258,2016,616.0,Forest Hills
2259,2017,622.0,Forest Hills
2260,2018,621.0,Forest Hills
2261,2000,3382.0,Jamaica
2262,2001,2666.0,Jamaica
2263,2002,2294.0,Jamaica
2264,2003,2094.0,Jamaica
2265,2004,2165.0,Jamaica
2266,2005,2158.0,Jamaica
2267,2006,2180.0,Jamaica
2268,2007,2272.0,Jamaica
2269,2008,2283.0,Jamaica
2270,2009,1993.0,Jamaica
2271,2010,2138.0,Jamaica
2272,2011,2366.0,Jamaica
2273,2012,2367.0,Jamaica
2274,2013,2055.0,Jamaica
2275,2014,1874.0,Jamaica
2276,2015,1595.0,Jamaica
2277,2016,1419.0,Jamaica
2278,2017,1280.0,Jamaica
2279,2018,1277.0,Jamaica
2280,2000,3738.0,Astoria
2281,2001,3528.0,Astoria
2282,2002,3291.0,Astoria
2283,2003,2751.0,Astoria
2284,2004,2899.0,Astoria
2285,2005,2766.0,Astoria
2286,2006,2502.0,Astoria
2287,2007,2358.0,Astoria
2288,2008,2249.0,Astoria
2289,2009,2047.0,Astoria
2290,2010,2027.0,Astoria
2291,2011,2010.0,Astoria
2292,2012,2084.0,Astoria
2293,2013,1885.0,Astoria
2294,2014,1912.0,Astoria
2295,2015,1767.0,Astoria
2296,2016,1819.0,Astoria
2297,2017,1593.0,Astoria
2298,2018,1691.0,Astoria
2299,2000,3021.0,Jackson Heights
2300,2001,2816.0,Jackson Heights
2301,2002,2830.0,Jackson Heights
2302,2003,2367.0,Jackson Heights
2303,2004,2339.0,Jackson Heights
2304,2005,2253.0,Jackson Heights
2305,2006,2169.0,Jackson Heights
2306,2007,1945.0,Jackson Heights
2307,2008,1913.0,Jackson Heights
2308,2009,1774.0,Jackson Heights
2309,2010,1760.0,Jackson Heights
2310,2011,1839.0,Jackson Heights
2311,2012,1769.0,Jackson Heights
2312,2013,1760.0,Jackson Heights
2313,2014,1888.0,Jackson Heights
2314,2015,1795.0,Jackson Heights
2315,2016,1885.0,Jackson Heights
2316,2017,1818.0,Jackson Heights
2317,2018,1657.0,Jackson Heights
